<application>
  <component name="ProjectJdkTable">
    <jdk version="2">
      <name value="1.8" />
      <type value="JavaSDK" />
      <version value="java version &quot;1.8.0_211&quot;" />
      <homePath value="D:/Program Files/Java/jdk1.8.0_211" />
      <roots>
        <annotationsPath>
          <root type="composite">
            <root url="jar://$APPLICATION_HOME_DIR$/plugins/java/lib/jdkAnnotations.jar!/" type="simple" />
          </root>
        </annotationsPath>
        <classPath>
          <root type="composite">
            <root url="jar://D:/Program Files/Java/jdk1.8.0_211/jre/lib/charsets.jar!/" type="simple" />
            <root url="jar://D:/Program Files/Java/jdk1.8.0_211/jre/lib/deploy.jar!/" type="simple" />
            <root url="jar://D:/Program Files/Java/jdk1.8.0_211/jre/lib/ext/access-bridge-64.jar!/" type="simple" />
            <root url="jar://D:/Program Files/Java/jdk1.8.0_211/jre/lib/ext/cldrdata.jar!/" type="simple" />
            <root url="jar://D:/Program Files/Java/jdk1.8.0_211/jre/lib/ext/dnsns.jar!/" type="simple" />
            <root url="jar://D:/Program Files/Java/jdk1.8.0_211/jre/lib/ext/jaccess.jar!/" type="simple" />
            <root url="jar://D:/Program Files/Java/jdk1.8.0_211/jre/lib/ext/jfxrt.jar!/" type="simple" />
            <root url="jar://D:/Program Files/Java/jdk1.8.0_211/jre/lib/ext/localedata.jar!/" type="simple" />
            <root url="jar://D:/Program Files/Java/jdk1.8.0_211/jre/lib/ext/nashorn.jar!/" type="simple" />
            <root url="jar://D:/Program Files/Java/jdk1.8.0_211/jre/lib/ext/sunec.jar!/" type="simple" />
            <root url="jar://D:/Program Files/Java/jdk1.8.0_211/jre/lib/ext/sunjce_provider.jar!/" type="simple" />
            <root url="jar://D:/Program Files/Java/jdk1.8.0_211/jre/lib/ext/sunmscapi.jar!/" type="simple" />
            <root url="jar://D:/Program Files/Java/jdk1.8.0_211/jre/lib/ext/sunpkcs11.jar!/" type="simple" />
            <root url="jar://D:/Program Files/Java/jdk1.8.0_211/jre/lib/ext/zipfs.jar!/" type="simple" />
            <root url="jar://D:/Program Files/Java/jdk1.8.0_211/jre/lib/javaws.jar!/" type="simple" />
            <root url="jar://D:/Program Files/Java/jdk1.8.0_211/jre/lib/jce.jar!/" type="simple" />
            <root url="jar://D:/Program Files/Java/jdk1.8.0_211/jre/lib/jfr.jar!/" type="simple" />
            <root url="jar://D:/Program Files/Java/jdk1.8.0_211/jre/lib/jfxswt.jar!/" type="simple" />
            <root url="jar://D:/Program Files/Java/jdk1.8.0_211/jre/lib/jsse.jar!/" type="simple" />
            <root url="jar://D:/Program Files/Java/jdk1.8.0_211/jre/lib/management-agent.jar!/" type="simple" />
            <root url="jar://D:/Program Files/Java/jdk1.8.0_211/jre/lib/plugin.jar!/" type="simple" />
            <root url="jar://D:/Program Files/Java/jdk1.8.0_211/jre/lib/resources.jar!/" type="simple" />
            <root url="jar://D:/Program Files/Java/jdk1.8.0_211/jre/lib/rt.jar!/" type="simple" />
          </root>
        </classPath>
        <javadocPath>
          <root type="composite" />
        </javadocPath>
        <sourcePath>
          <root type="composite">
            <root url="jar://D:/Program Files/Java/jdk1.8.0_211/src.zip!/" type="simple" />
            <root url="jar://D:/Program Files/Java/jdk1.8.0_211/javafx-src.zip!/" type="simple" />
          </root>
        </sourcePath>
      </roots>
      <additional />
    </jdk>
    <jdk version="2">
      <name value="openjdk-15" />
      <type value="JavaSDK" />
      <version value="java version &quot;15&quot;" />
      <homePath value="F:/Tool/java" />
      <roots>
        <annotationsPath>
          <root type="composite">
            <root url="jar://$APPLICATION_HOME_DIR$/plugins/java/lib/jdkAnnotations.jar!/" type="simple" />
          </root>
        </annotationsPath>
        <classPath>
          <root type="composite">
            <root url="jrt://F:/Tool/java!/java.base" type="simple" />
            <root url="jrt://F:/Tool/java!/java.compiler" type="simple" />
            <root url="jrt://F:/Tool/java!/java.datatransfer" type="simple" />
            <root url="jrt://F:/Tool/java!/java.desktop" type="simple" />
            <root url="jrt://F:/Tool/java!/java.instrument" type="simple" />
            <root url="jrt://F:/Tool/java!/java.logging" type="simple" />
            <root url="jrt://F:/Tool/java!/java.management" type="simple" />
            <root url="jrt://F:/Tool/java!/java.management.rmi" type="simple" />
            <root url="jrt://F:/Tool/java!/java.naming" type="simple" />
            <root url="jrt://F:/Tool/java!/java.net.http" type="simple" />
            <root url="jrt://F:/Tool/java!/java.prefs" type="simple" />
            <root url="jrt://F:/Tool/java!/java.rmi" type="simple" />
            <root url="jrt://F:/Tool/java!/java.scripting" type="simple" />
            <root url="jrt://F:/Tool/java!/java.se" type="simple" />
            <root url="jrt://F:/Tool/java!/java.security.jgss" type="simple" />
            <root url="jrt://F:/Tool/java!/java.security.sasl" type="simple" />
            <root url="jrt://F:/Tool/java!/java.smartcardio" type="simple" />
            <root url="jrt://F:/Tool/java!/java.sql" type="simple" />
            <root url="jrt://F:/Tool/java!/java.sql.rowset" type="simple" />
            <root url="jrt://F:/Tool/java!/java.transaction.xa" type="simple" />
            <root url="jrt://F:/Tool/java!/java.xml" type="simple" />
            <root url="jrt://F:/Tool/java!/java.xml.crypto" type="simple" />
            <root url="jrt://F:/Tool/java!/jdk.accessibility" type="simple" />
            <root url="jrt://F:/Tool/java!/jdk.aot" type="simple" />
            <root url="jrt://F:/Tool/java!/jdk.attach" type="simple" />
            <root url="jrt://F:/Tool/java!/jdk.charsets" type="simple" />
            <root url="jrt://F:/Tool/java!/jdk.compiler" type="simple" />
            <root url="jrt://F:/Tool/java!/jdk.crypto.cryptoki" type="simple" />
            <root url="jrt://F:/Tool/java!/jdk.crypto.ec" type="simple" />
            <root url="jrt://F:/Tool/java!/jdk.crypto.mscapi" type="simple" />
            <root url="jrt://F:/Tool/java!/jdk.dynalink" type="simple" />
            <root url="jrt://F:/Tool/java!/jdk.editpad" type="simple" />
            <root url="jrt://F:/Tool/java!/jdk.hotspot.agent" type="simple" />
            <root url="jrt://F:/Tool/java!/jdk.httpserver" type="simple" />
            <root url="jrt://F:/Tool/java!/jdk.incubator.foreign" type="simple" />
            <root url="jrt://F:/Tool/java!/jdk.incubator.jpackage" type="simple" />
            <root url="jrt://F:/Tool/java!/jdk.internal.ed" type="simple" />
            <root url="jrt://F:/Tool/java!/jdk.internal.jvmstat" type="simple" />
            <root url="jrt://F:/Tool/java!/jdk.internal.le" type="simple" />
            <root url="jrt://F:/Tool/java!/jdk.internal.opt" type="simple" />
            <root url="jrt://F:/Tool/java!/jdk.internal.vm.ci" type="simple" />
            <root url="jrt://F:/Tool/java!/jdk.internal.vm.compiler" type="simple" />
            <root url="jrt://F:/Tool/java!/jdk.internal.vm.compiler.management" type="simple" />
            <root url="jrt://F:/Tool/java!/jdk.jartool" type="simple" />
            <root url="jrt://F:/Tool/java!/jdk.javadoc" type="simple" />
            <root url="jrt://F:/Tool/java!/jdk.jcmd" type="simple" />
            <root url="jrt://F:/Tool/java!/jdk.jconsole" type="simple" />
            <root url="jrt://F:/Tool/java!/jdk.jdeps" type="simple" />
            <root url="jrt://F:/Tool/java!/jdk.jdi" type="simple" />
            <root url="jrt://F:/Tool/java!/jdk.jdwp.agent" type="simple" />
            <root url="jrt://F:/Tool/java!/jdk.jfr" type="simple" />
            <root url="jrt://F:/Tool/java!/jdk.jlink" type="simple" />
            <root url="jrt://F:/Tool/java!/jdk.jshell" type="simple" />
            <root url="jrt://F:/Tool/java!/jdk.jsobject" type="simple" />
            <root url="jrt://F:/Tool/java!/jdk.jstatd" type="simple" />
            <root url="jrt://F:/Tool/java!/jdk.localedata" type="simple" />
            <root url="jrt://F:/Tool/java!/jdk.management" type="simple" />
            <root url="jrt://F:/Tool/java!/jdk.management.agent" type="simple" />
            <root url="jrt://F:/Tool/java!/jdk.management.jfr" type="simple" />
            <root url="jrt://F:/Tool/java!/jdk.naming.dns" type="simple" />
            <root url="jrt://F:/Tool/java!/jdk.naming.rmi" type="simple" />
            <root url="jrt://F:/Tool/java!/jdk.net" type="simple" />
            <root url="jrt://F:/Tool/java!/jdk.nio.mapmode" type="simple" />
            <root url="jrt://F:/Tool/java!/jdk.sctp" type="simple" />
            <root url="jrt://F:/Tool/java!/jdk.security.auth" type="simple" />
            <root url="jrt://F:/Tool/java!/jdk.security.jgss" type="simple" />
            <root url="jrt://F:/Tool/java!/jdk.unsupported" type="simple" />
            <root url="jrt://F:/Tool/java!/jdk.unsupported.desktop" type="simple" />
            <root url="jrt://F:/Tool/java!/jdk.xml.dom" type="simple" />
            <root url="jrt://F:/Tool/java!/jdk.zipfs" type="simple" />
          </root>
        </classPath>
        <javadocPath>
          <root type="composite" />
        </javadocPath>
        <sourcePath>
          <root type="composite">
            <root url="jar://F:/Tool/java/lib/src.zip!/java.se" type="simple" />
            <root url="jar://F:/Tool/java/lib/src.zip!/jdk.aot" type="simple" />
            <root url="jar://F:/Tool/java/lib/src.zip!/jdk.jdi" type="simple" />
            <root url="jar://F:/Tool/java/lib/src.zip!/jdk.jfr" type="simple" />
            <root url="jar://F:/Tool/java/lib/src.zip!/jdk.net" type="simple" />
            <root url="jar://F:/Tool/java/lib/src.zip!/java.rmi" type="simple" />
            <root url="jar://F:/Tool/java/lib/src.zip!/java.sql" type="simple" />
            <root url="jar://F:/Tool/java/lib/src.zip!/java.xml" type="simple" />
            <root url="jar://F:/Tool/java/lib/src.zip!/jdk.jcmd" type="simple" />
            <root url="jar://F:/Tool/java/lib/src.zip!/jdk.sctp" type="simple" />
            <root url="jar://F:/Tool/java/lib/src.zip!/java.base" type="simple" />
            <root url="jar://F:/Tool/java/lib/src.zip!/jdk.jdeps" type="simple" />
            <root url="jar://F:/Tool/java/lib/src.zip!/jdk.jlink" type="simple" />
            <root url="jar://F:/Tool/java/lib/src.zip!/jdk.zipfs" type="simple" />
            <root url="jar://F:/Tool/java/lib/src.zip!/java.prefs" type="simple" />
            <root url="jar://F:/Tool/java/lib/src.zip!/jdk.attach" type="simple" />
            <root url="jar://F:/Tool/java/lib/src.zip!/jdk.jshell" type="simple" />
            <root url="jar://F:/Tool/java/lib/src.zip!/jdk.jstatd" type="simple" />
            <root url="jar://F:/Tool/java/lib/src.zip!/java.naming" type="simple" />
            <root url="jar://F:/Tool/java/lib/src.zip!/jdk.editpad" type="simple" />
            <root url="jar://F:/Tool/java/lib/src.zip!/jdk.jartool" type="simple" />
            <root url="jar://F:/Tool/java/lib/src.zip!/jdk.javadoc" type="simple" />
            <root url="jar://F:/Tool/java/lib/src.zip!/jdk.xml.dom" type="simple" />
            <root url="jar://F:/Tool/java/lib/src.zip!/java.desktop" type="simple" />
            <root url="jar://F:/Tool/java/lib/src.zip!/java.logging" type="simple" />
            <root url="jar://F:/Tool/java/lib/src.zip!/jdk.charsets" type="simple" />
            <root url="jar://F:/Tool/java/lib/src.zip!/jdk.compiler" type="simple" />
            <root url="jar://F:/Tool/java/lib/src.zip!/jdk.dynalink" type="simple" />
            <root url="jar://F:/Tool/java/lib/src.zip!/jdk.jconsole" type="simple" />
            <root url="jar://F:/Tool/java/lib/src.zip!/jdk.jsobject" type="simple" />
            <root url="jar://F:/Tool/java/lib/src.zip!/java.compiler" type="simple" />
            <root url="jar://F:/Tool/java/lib/src.zip!/java.net.http" type="simple" />
            <root url="jar://F:/Tool/java/lib/src.zip!/jdk.crypto.ec" type="simple" />
            <root url="jar://F:/Tool/java/lib/src.zip!/java.scripting" type="simple" />
            <root url="jar://F:/Tool/java/lib/src.zip!/jdk.httpserver" type="simple" />
            <root url="jar://F:/Tool/java/lib/src.zip!/jdk.jdwp.agent" type="simple" />
            <root url="jar://F:/Tool/java/lib/src.zip!/jdk.localedata" type="simple" />
            <root url="jar://F:/Tool/java/lib/src.zip!/jdk.management" type="simple" />
            <root url="jar://F:/Tool/java/lib/src.zip!/jdk.naming.dns" type="simple" />
            <root url="jar://F:/Tool/java/lib/src.zip!/jdk.naming.rmi" type="simple" />
            <root url="jar://F:/Tool/java/lib/src.zip!/java.instrument" type="simple" />
            <root url="jar://F:/Tool/java/lib/src.zip!/java.management" type="simple" />
            <root url="jar://F:/Tool/java/lib/src.zip!/java.sql.rowset" type="simple" />
            <root url="jar://F:/Tool/java/lib/src.zip!/java.xml.crypto" type="simple" />
            <root url="jar://F:/Tool/java/lib/src.zip!/jdk.internal.ed" type="simple" />
            <root url="jar://F:/Tool/java/lib/src.zip!/jdk.internal.le" type="simple" />
            <root url="jar://F:/Tool/java/lib/src.zip!/jdk.nio.mapmode" type="simple" />
            <root url="jar://F:/Tool/java/lib/src.zip!/jdk.unsupported" type="simple" />
            <root url="jar://F:/Tool/java/lib/src.zip!/java.smartcardio" type="simple" />
            <root url="jar://F:/Tool/java/lib/src.zip!/jdk.internal.opt" type="simple" />
            <root url="jar://F:/Tool/java/lib/src.zip!/java.datatransfer" type="simple" />
            <root url="jar://F:/Tool/java/lib/src.zip!/jdk.accessibility" type="simple" />
            <root url="jar://F:/Tool/java/lib/src.zip!/jdk.crypto.mscapi" type="simple" />
            <root url="jar://F:/Tool/java/lib/src.zip!/jdk.hotspot.agent" type="simple" />
            <root url="jar://F:/Tool/java/lib/src.zip!/jdk.security.auth" type="simple" />
            <root url="jar://F:/Tool/java/lib/src.zip!/jdk.security.jgss" type="simple" />
            <root url="jar://F:/Tool/java/lib/src.zip!/java.security.jgss" type="simple" />
            <root url="jar://F:/Tool/java/lib/src.zip!/java.security.sasl" type="simple" />
            <root url="jar://F:/Tool/java/lib/src.zip!/jdk.internal.vm.ci" type="simple" />
            <root url="jar://F:/Tool/java/lib/src.zip!/jdk.management.jfr" type="simple" />
            <root url="jar://F:/Tool/java/lib/src.zip!/java.management.rmi" type="simple" />
            <root url="jar://F:/Tool/java/lib/src.zip!/java.transaction.xa" type="simple" />
            <root url="jar://F:/Tool/java/lib/src.zip!/jdk.crypto.cryptoki" type="simple" />
            <root url="jar://F:/Tool/java/lib/src.zip!/jdk.internal.jvmstat" type="simple" />
            <root url="jar://F:/Tool/java/lib/src.zip!/jdk.management.agent" type="simple" />
            <root url="jar://F:/Tool/java/lib/src.zip!/jdk.incubator.foreign" type="simple" />
            <root url="jar://F:/Tool/java/lib/src.zip!/jdk.incubator.jpackage" type="simple" />
            <root url="jar://F:/Tool/java/lib/src.zip!/jdk.unsupported.desktop" type="simple" />
            <root url="jar://F:/Tool/java/lib/src.zip!/jdk.internal.vm.compiler" type="simple" />
            <root url="jar://F:/Tool/java/lib/src.zip!/jdk.internal.vm.compiler.management" type="simple" />
          </root>
        </sourcePath>
      </roots>
      <additional />
    </jdk>
    <jdk version="2">
      <name value="15" />
      <type value="JavaSDK" />
      <version value="java version &quot;15&quot;" />
      <homePath value="F:/Tool/java" />
      <roots>
        <annotationsPath>
          <root type="composite">
            <root url="jar://$APPLICATION_HOME_DIR$/plugins/java/lib/jdkAnnotations.jar!/" type="simple" />
          </root>
        </annotationsPath>
        <classPath>
          <root type="composite">
            <root url="jrt://F:/Tool/java!/java.base" type="simple" />
            <root url="jrt://F:/Tool/java!/java.compiler" type="simple" />
            <root url="jrt://F:/Tool/java!/java.datatransfer" type="simple" />
            <root url="jrt://F:/Tool/java!/java.desktop" type="simple" />
            <root url="jrt://F:/Tool/java!/java.instrument" type="simple" />
            <root url="jrt://F:/Tool/java!/java.logging" type="simple" />
            <root url="jrt://F:/Tool/java!/java.management" type="simple" />
            <root url="jrt://F:/Tool/java!/java.management.rmi" type="simple" />
            <root url="jrt://F:/Tool/java!/java.naming" type="simple" />
            <root url="jrt://F:/Tool/java!/java.net.http" type="simple" />
            <root url="jrt://F:/Tool/java!/java.prefs" type="simple" />
            <root url="jrt://F:/Tool/java!/java.rmi" type="simple" />
            <root url="jrt://F:/Tool/java!/java.scripting" type="simple" />
            <root url="jrt://F:/Tool/java!/java.se" type="simple" />
            <root url="jrt://F:/Tool/java!/java.security.jgss" type="simple" />
            <root url="jrt://F:/Tool/java!/java.security.sasl" type="simple" />
            <root url="jrt://F:/Tool/java!/java.smartcardio" type="simple" />
            <root url="jrt://F:/Tool/java!/java.sql" type="simple" />
            <root url="jrt://F:/Tool/java!/java.sql.rowset" type="simple" />
            <root url="jrt://F:/Tool/java!/java.transaction.xa" type="simple" />
            <root url="jrt://F:/Tool/java!/java.xml" type="simple" />
            <root url="jrt://F:/Tool/java!/java.xml.crypto" type="simple" />
            <root url="jrt://F:/Tool/java!/jdk.accessibility" type="simple" />
            <root url="jrt://F:/Tool/java!/jdk.aot" type="simple" />
            <root url="jrt://F:/Tool/java!/jdk.attach" type="simple" />
            <root url="jrt://F:/Tool/java!/jdk.charsets" type="simple" />
            <root url="jrt://F:/Tool/java!/jdk.compiler" type="simple" />
            <root url="jrt://F:/Tool/java!/jdk.crypto.cryptoki" type="simple" />
            <root url="jrt://F:/Tool/java!/jdk.crypto.ec" type="simple" />
            <root url="jrt://F:/Tool/java!/jdk.crypto.mscapi" type="simple" />
            <root url="jrt://F:/Tool/java!/jdk.dynalink" type="simple" />
            <root url="jrt://F:/Tool/java!/jdk.editpad" type="simple" />
            <root url="jrt://F:/Tool/java!/jdk.hotspot.agent" type="simple" />
            <root url="jrt://F:/Tool/java!/jdk.httpserver" type="simple" />
            <root url="jrt://F:/Tool/java!/jdk.incubator.foreign" type="simple" />
            <root url="jrt://F:/Tool/java!/jdk.incubator.jpackage" type="simple" />
            <root url="jrt://F:/Tool/java!/jdk.internal.ed" type="simple" />
            <root url="jrt://F:/Tool/java!/jdk.internal.jvmstat" type="simple" />
            <root url="jrt://F:/Tool/java!/jdk.internal.le" type="simple" />
            <root url="jrt://F:/Tool/java!/jdk.internal.opt" type="simple" />
            <root url="jrt://F:/Tool/java!/jdk.internal.vm.ci" type="simple" />
            <root url="jrt://F:/Tool/java!/jdk.internal.vm.compiler" type="simple" />
            <root url="jrt://F:/Tool/java!/jdk.internal.vm.compiler.management" type="simple" />
            <root url="jrt://F:/Tool/java!/jdk.jartool" type="simple" />
            <root url="jrt://F:/Tool/java!/jdk.javadoc" type="simple" />
            <root url="jrt://F:/Tool/java!/jdk.jcmd" type="simple" />
            <root url="jrt://F:/Tool/java!/jdk.jconsole" type="simple" />
            <root url="jrt://F:/Tool/java!/jdk.jdeps" type="simple" />
            <root url="jrt://F:/Tool/java!/jdk.jdi" type="simple" />
            <root url="jrt://F:/Tool/java!/jdk.jdwp.agent" type="simple" />
            <root url="jrt://F:/Tool/java!/jdk.jfr" type="simple" />
            <root url="jrt://F:/Tool/java!/jdk.jlink" type="simple" />
            <root url="jrt://F:/Tool/java!/jdk.jshell" type="simple" />
            <root url="jrt://F:/Tool/java!/jdk.jsobject" type="simple" />
            <root url="jrt://F:/Tool/java!/jdk.jstatd" type="simple" />
            <root url="jrt://F:/Tool/java!/jdk.localedata" type="simple" />
            <root url="jrt://F:/Tool/java!/jdk.management" type="simple" />
            <root url="jrt://F:/Tool/java!/jdk.management.agent" type="simple" />
            <root url="jrt://F:/Tool/java!/jdk.management.jfr" type="simple" />
            <root url="jrt://F:/Tool/java!/jdk.naming.dns" type="simple" />
            <root url="jrt://F:/Tool/java!/jdk.naming.rmi" type="simple" />
            <root url="jrt://F:/Tool/java!/jdk.net" type="simple" />
            <root url="jrt://F:/Tool/java!/jdk.nio.mapmode" type="simple" />
            <root url="jrt://F:/Tool/java!/jdk.sctp" type="simple" />
            <root url="jrt://F:/Tool/java!/jdk.security.auth" type="simple" />
            <root url="jrt://F:/Tool/java!/jdk.security.jgss" type="simple" />
            <root url="jrt://F:/Tool/java!/jdk.unsupported" type="simple" />
            <root url="jrt://F:/Tool/java!/jdk.unsupported.desktop" type="simple" />
            <root url="jrt://F:/Tool/java!/jdk.xml.dom" type="simple" />
            <root url="jrt://F:/Tool/java!/jdk.zipfs" type="simple" />
          </root>
        </classPath>
        <javadocPath>
          <root type="composite" />
        </javadocPath>
        <sourcePath>
          <root type="composite">
            <root url="jar://F:/Tool/java/lib/src.zip!/java.se" type="simple" />
            <root url="jar://F:/Tool/java/lib/src.zip!/jdk.aot" type="simple" />
            <root url="jar://F:/Tool/java/lib/src.zip!/jdk.jdi" type="simple" />
            <root url="jar://F:/Tool/java/lib/src.zip!/jdk.jfr" type="simple" />
            <root url="jar://F:/Tool/java/lib/src.zip!/jdk.net" type="simple" />
            <root url="jar://F:/Tool/java/lib/src.zip!/java.rmi" type="simple" />
            <root url="jar://F:/Tool/java/lib/src.zip!/java.sql" type="simple" />
            <root url="jar://F:/Tool/java/lib/src.zip!/java.xml" type="simple" />
            <root url="jar://F:/Tool/java/lib/src.zip!/jdk.jcmd" type="simple" />
            <root url="jar://F:/Tool/java/lib/src.zip!/jdk.sctp" type="simple" />
            <root url="jar://F:/Tool/java/lib/src.zip!/java.base" type="simple" />
            <root url="jar://F:/Tool/java/lib/src.zip!/jdk.jdeps" type="simple" />
            <root url="jar://F:/Tool/java/lib/src.zip!/jdk.jlink" type="simple" />
            <root url="jar://F:/Tool/java/lib/src.zip!/jdk.zipfs" type="simple" />
            <root url="jar://F:/Tool/java/lib/src.zip!/java.prefs" type="simple" />
            <root url="jar://F:/Tool/java/lib/src.zip!/jdk.attach" type="simple" />
            <root url="jar://F:/Tool/java/lib/src.zip!/jdk.jshell" type="simple" />
            <root url="jar://F:/Tool/java/lib/src.zip!/jdk.jstatd" type="simple" />
            <root url="jar://F:/Tool/java/lib/src.zip!/java.naming" type="simple" />
            <root url="jar://F:/Tool/java/lib/src.zip!/jdk.editpad" type="simple" />
            <root url="jar://F:/Tool/java/lib/src.zip!/jdk.jartool" type="simple" />
            <root url="jar://F:/Tool/java/lib/src.zip!/jdk.javadoc" type="simple" />
            <root url="jar://F:/Tool/java/lib/src.zip!/jdk.xml.dom" type="simple" />
            <root url="jar://F:/Tool/java/lib/src.zip!/java.desktop" type="simple" />
            <root url="jar://F:/Tool/java/lib/src.zip!/java.logging" type="simple" />
            <root url="jar://F:/Tool/java/lib/src.zip!/jdk.charsets" type="simple" />
            <root url="jar://F:/Tool/java/lib/src.zip!/jdk.compiler" type="simple" />
            <root url="jar://F:/Tool/java/lib/src.zip!/jdk.dynalink" type="simple" />
            <root url="jar://F:/Tool/java/lib/src.zip!/jdk.jconsole" type="simple" />
            <root url="jar://F:/Tool/java/lib/src.zip!/jdk.jsobject" type="simple" />
            <root url="jar://F:/Tool/java/lib/src.zip!/java.compiler" type="simple" />
            <root url="jar://F:/Tool/java/lib/src.zip!/java.net.http" type="simple" />
            <root url="jar://F:/Tool/java/lib/src.zip!/jdk.crypto.ec" type="simple" />
            <root url="jar://F:/Tool/java/lib/src.zip!/java.scripting" type="simple" />
            <root url="jar://F:/Tool/java/lib/src.zip!/jdk.httpserver" type="simple" />
            <root url="jar://F:/Tool/java/lib/src.zip!/jdk.jdwp.agent" type="simple" />
            <root url="jar://F:/Tool/java/lib/src.zip!/jdk.localedata" type="simple" />
            <root url="jar://F:/Tool/java/lib/src.zip!/jdk.management" type="simple" />
            <root url="jar://F:/Tool/java/lib/src.zip!/jdk.naming.dns" type="simple" />
            <root url="jar://F:/Tool/java/lib/src.zip!/jdk.naming.rmi" type="simple" />
            <root url="jar://F:/Tool/java/lib/src.zip!/java.instrument" type="simple" />
            <root url="jar://F:/Tool/java/lib/src.zip!/java.management" type="simple" />
            <root url="jar://F:/Tool/java/lib/src.zip!/java.sql.rowset" type="simple" />
            <root url="jar://F:/Tool/java/lib/src.zip!/java.xml.crypto" type="simple" />
            <root url="jar://F:/Tool/java/lib/src.zip!/jdk.internal.ed" type="simple" />
            <root url="jar://F:/Tool/java/lib/src.zip!/jdk.internal.le" type="simple" />
            <root url="jar://F:/Tool/java/lib/src.zip!/jdk.nio.mapmode" type="simple" />
            <root url="jar://F:/Tool/java/lib/src.zip!/jdk.unsupported" type="simple" />
            <root url="jar://F:/Tool/java/lib/src.zip!/java.smartcardio" type="simple" />
            <root url="jar://F:/Tool/java/lib/src.zip!/jdk.internal.opt" type="simple" />
            <root url="jar://F:/Tool/java/lib/src.zip!/java.datatransfer" type="simple" />
            <root url="jar://F:/Tool/java/lib/src.zip!/jdk.accessibility" type="simple" />
            <root url="jar://F:/Tool/java/lib/src.zip!/jdk.crypto.mscapi" type="simple" />
            <root url="jar://F:/Tool/java/lib/src.zip!/jdk.hotspot.agent" type="simple" />
            <root url="jar://F:/Tool/java/lib/src.zip!/jdk.security.auth" type="simple" />
            <root url="jar://F:/Tool/java/lib/src.zip!/jdk.security.jgss" type="simple" />
            <root url="jar://F:/Tool/java/lib/src.zip!/java.security.jgss" type="simple" />
            <root url="jar://F:/Tool/java/lib/src.zip!/java.security.sasl" type="simple" />
            <root url="jar://F:/Tool/java/lib/src.zip!/jdk.internal.vm.ci" type="simple" />
            <root url="jar://F:/Tool/java/lib/src.zip!/jdk.management.jfr" type="simple" />
            <root url="jar://F:/Tool/java/lib/src.zip!/java.management.rmi" type="simple" />
            <root url="jar://F:/Tool/java/lib/src.zip!/java.transaction.xa" type="simple" />
            <root url="jar://F:/Tool/java/lib/src.zip!/jdk.crypto.cryptoki" type="simple" />
            <root url="jar://F:/Tool/java/lib/src.zip!/jdk.internal.jvmstat" type="simple" />
            <root url="jar://F:/Tool/java/lib/src.zip!/jdk.management.agent" type="simple" />
            <root url="jar://F:/Tool/java/lib/src.zip!/jdk.incubator.foreign" type="simple" />
            <root url="jar://F:/Tool/java/lib/src.zip!/jdk.incubator.jpackage" type="simple" />
            <root url="jar://F:/Tool/java/lib/src.zip!/jdk.unsupported.desktop" type="simple" />
            <root url="jar://F:/Tool/java/lib/src.zip!/jdk.internal.vm.compiler" type="simple" />
            <root url="jar://F:/Tool/java/lib/src.zip!/jdk.internal.vm.compiler.management" type="simple" />
          </root>
        </sourcePath>
      </roots>
      <additional />
    </jdk>
  </component>
</application>